{"cameraMode":{"drawMode":0,"name":"Shaded","section":"Shading Mode"},"sceneLighting":true,"audioPlay":false,"sceneViewState":{"m_AlwaysRefresh":false,"showFog":true,"showSkybox":true,"showFlares":true,"showImageEffects":false,"showParticleSystems":true,"showVisualEffectGraphs":true,"m_FxEnabled":true},"in2DMode":false,"pivot":{"x":-7.769430160522461,"y":-12.159624099731446,"z":43.03889846801758},"rotation":{"x":0.1812029778957367,"y":-0.14099620282649995,"z":0.026912327855825425,"w":0.9730085730552673},"size":23.977153778076173,"orthographic":false}