{"cameraMode":{"drawMode":0,"name":"Shaded","section":"Shading Mode"},"sceneLighting":false,"audioPlay":false,"sceneViewState":{"m_AlwaysRefresh":false,"showFog":true,"showSkybox":false,"showFlares":true,"showImageEffects":true,"showParticleSystems":true,"showVisualEffectGraphs":true,"m_FxEnabled":true},"in2DMode":false,"pivot":{"x":-0.40653854608535769,"y":0.5515015125274658,"z":26.988567352294923},"rotation":{"x":-0.28803157806396487,"y":0.1587744653224945,"z":-0.04858286678791046,"w":-0.9431573748588562},"size":4.338740348815918,"orthographic":false}